0.00044,1,Lit,C[C@@H](C1)N[C@@]2(C(NC3=C2C=C(Cl)C=C3)=O)C4=C1C5=CC(F)=C(Cl)C=C5N4,UNK1
0.0053,0,M,COc1ccccc1N=C2C(=O)c3ccccc3C(=C2N4CCCCC4)O,MMV085203
0.00671,0,M,Cc1cc(Nc2ccc(C)c(Cl)c2)n3nc(nc3n1)C(F)(F)F,MMV665874
0.01533333333,0,A,O=C(N=C(S/1)N(C(C)=O)C2=CC=CC=C2)C1=C\C3=C(C)N(C4=CC=C(C=C4)C(F)(F)F)C(C)=C3,OSM-S-45
0.01668,1,B,FC(C=C1)=C(F)C=C1[C@@H](OC(F)F)COC2=CN=CC3=NN=C(C4=CC=C(C#N)C=C4)N32,OSM-S-377
0.0202,1,M,COc1ccc(NC(=O)C2C(N(CC(C)C)C(=O)c3ccccc23)c4cccs4)cc1Cl,MMV000642
0.022,1,Lit,C[C@@H](CC1)N[C@@]2(C(NC3=C2C=C(Cl)C=C3)=O)C4=C1C5=CC=CC=C5N4,UNK2
0.0226,0,M,Oc1ccccc1CNCC23CC4CC(CC(C4)C2)C3,MMV020788
0.0238,0,M,COc1cccc(C=CC2=NC(=O)c3ccccc3O2)c1OC,MMV666693
0.02432,1,B,c1ncc2n(c1OCC(c1cc(c(cc1)F)F)CO)c(nn2)c1ccc(cc1)OC(F)F,OSM-S-381
0.0248,0,M,Cc1ccc(cc1)N2C3N(c4ccccc4C2N(c5ccccc35)S(=O)(=O)c6ccc(C)cc6)S(=O)(=O)c7ccc(C)cc7,MMV007160
0.025,0,A,CC1=C(/C=C2S/C(NC\2=O)=N\C3=CC=CC=C3)C=C(C)N1C4=CC=CC=C4,OSM-S-35
0.0255,0,M,CC1CN(CC(C)O1)C(=O)c2sc3ccccc3c2Cl,MMV020492
0.03,1,Lit,O=C1C2=CC=CC=C2[C@H](C(NC3=CC(C#N)=C(F)C=C3)=O)[C@@H](C4=CN=CC=C4)N1CC(F)(F)F,UNK5
0.0328,1,M,CC(C)CN1C(C(C(=O)Nc2cc(C)on2)c3ccccc3C1=O)c4cccs4,MMV006429
0.03382,1,A,c1(ncc2n(c1)c(nn2)c1ccc(cc1)OC(F)F)OCCc1cc(c(cc1)F)F,MMV670945
0.034,0,A,CC1=C(/C=C2S/C(NC\2=O)=N\C3=CC=CC=C3)C=C(C)N1C4=CC(C(F)(F)F)=CC(C(F)(F)F)=C4,OSM-S-39
0.0367,1,M,COc1ccc(NC(=O)C2C(N(CC(C)C)C(=O)c3ccccc23)c4cccs4)cc1,MMV000662
0.0368,0,M,C(c1ccccc1)n2c(N=Nc3c(Nc4ccccc4)ccc5ccccc35)nc6ccccc26,MMV666023
0.0423,0,M,COc1ccc2nccc(C(O)C3CC4(CCN3CC4)C=C)c2c1,MMV665782
0.04575,0,A,FC1=CC=C(C=C1)N2C(C)=CC(/C=C(SC(N(C3=CC=CC=C3)C(C)=O)=N4)/C4=O)=C2C,OSM-S-9
0.0515,0,M,CN(C)c1ccc(C=CC2=NC(=O)c3ccccc3O2)cc1,MMV006309
0.0581,0,M,c(c(ccn1)NCCN(CC)CC)(ccc(Cl)c2)c12,MMV006087
0.05866666667,0,A,O=C(N=C(S/1)N(C2=CC=CC=C2)C(C)=O)C1=C\C3=C(C)N(C4=CC=CC=C4)C(C)=C3,OSM-S-49
0.06536,1,A,C(COc1cncc2n1c(nn2)c1ccc(cc1)OC(F)F)(c1ccc(c(c1)F)F)F,MMV672936
0.067,0,A,CC1=C(/C=C2S/C(NC\2=O)=N\C3=CC=CC=C3)C=C(C)N1C4=CC=C(C)C=C4,OSM-S-37 
0.0726,0,M,COc1ccccc1CNC(=O)CCN2C(=O)Nc3ccccc3C2=O,MMV665916
0.074,1,B,FC(OC1=CC=C(C2=NN=C3C=NC=C(N32)OCC(C4=CC(F)=C(C=C4)F)O)C=C1)F,OSM-S-390
0.0782,1,M,COc1cc(OC)c(cc1Cl)N(C)C(=O)c2cc3CS(=O)(=O)c4ccccc4c3s2,MMV006427
0.07866666667,0,A,CC1=CC(/C=C(C(N/2)=O)\SC2=N/C3=CC=CC=C3)=C(C)N1C(C=C4)=CC=C4C(F)(F)F,OSM-S-38
0.0822,0,M,CNCCCNc1ccnc2cc(Cl)ccc12,MMV020500
0.0857,0,M,n1(n2)c(nc(C)cc1Nc(cc(C)cc3C)c3)nc2C(F)(F)F,MMV011259
0.0899,0,M,c1(cc(c2ccc(OC)cc2)n3)n3ccnc1SCC(=O)Nc(c(Cl)ccc4C(F)(F)F)c4,MMV396679
0.0928,0,M,c1(cc(c2ccc(C)cc2)n3)n3ccnc1SCC(=O)Nc(c(Cl)ccc4C(F)(F)F)c4,MMV396680
0.0944,0,M,Cc1ccc(cc1)c2cc3C(=O)c4ccccc4c3nn2,MMV666021
0.1012,1,A,C(COc1cncc2n1c(nn2)c1ccc(cc1)OC(F)F)(c1ccc(c(c1)F)F)(O)C,MMV672723
0.106,0,M,CCCCCCOC(=O)C1=C(C)NC(=O)NC1c2ccccc2F,MMV007686
0.1078,1,B,FC1=C(F)C=CC(CCOC2=CN=CC3=NN=C(C4=CC=C(Cl)C=C4)N32)=C1,OSM-S-272
0.11,1,A,c1ncc2n(c1OCCc1cc(c(cc1)F)F)c(cn2)c1ccc(cc1)Cl,OSM-S-273
0.1105,1,B,FC1=C(F)C=CC(C(OC)COC2=CN=CC3=NN=C(C4=CC=C(C#N)C=C4)N32)=C1,OSM-S-218
0.1137,1,B,FC(F)OC(C=C1)=CC=C1C2=NN=C3C=NC=C(OCC(C4=CC=CC=C4)CO)N32,OSM-S-353
0.1147,1,A,c1ncc2n(c1Oc1cc3c(cc1)cccc3)c(nn2)c1ccc(cc1)OC(F)F,MMV670659
0.117,1,M,CCOc1ccc(cc1OCC)c2nonc2NC(=O)c3cccc(C)c3,MMV665805
0.118,0,M,CCOC(=O)c1ccc2nc(cc(O)c2c1)c3ccccc3,MMV006457
0.119,0,M,CCOC(=O)C1=CN(CC)c2cc(N3CCCCC3)c(F)cc2C1=O,MMV665827
0.119,1,A,O=C(/C(S/1)=C/C2=C(C)N(C(C)=C2)C3=CC(OC)=CC=C3)NC1=N\C4=CC=CC=C4,OSM-A-3
0.1228,1,A,C(COc1cncc2n1c(nn2)c1ccc(cc1)OC(F)F)(c1ccc(c(c1)F)F)(F)C,MMV672727
0.13,1,B,ClC(C=C1)=CC=C1C2=NN=C3N2C(OCCC4=CC=CC=C4)=CN=C3,OSM-S-293
0.135,0,M,CSC1=NC(=Nc2c(C)cccc2C)C3(CCC(CC3)C(C)(C)C)N1c4ccc(Cl)cc4,MMV666596
0.135,1,C,FC(F)OC(C=C1)=CC=C1C2=NN=C3C=NC=C(OCCC4=CC(OC)=CC=C4)N32,OSM-S-383
0.139,1,M,COc1cccc(NC(=O)[C@H](C(C)C)N2C(=O)Nc3ccccc3C2=O)c1,MMV665878
0.14,0,M,COc1ccccc1CNC(=O)CCN2C(=O)Nc3ccsc3C2=O,MMV019066
0.1408,1,B,FC1=C(C=CC(C(COC2=CN=CC3=NN=C(N32)C4=CC=C(OC(F)F)C=C4)N(C)C)=C1)F,OSM-S-389
0.1415,0,M,CN1CCN(CC1)c2ccc(Nc3c4ccccc4nc5ccccc35)cc2,MMV006172
0.142,0,M,CCC1(C)CC(CCNCc2ccccc2O)(CCO1)c3ccc(C)cc3,MMV019406
0.142,0,M,[O-][N+](=O)c1ccc(C=NNc2nc3ccccc3[nH]2)cc1,MMV666607
0.146,0,M,CCCc1cc(O)c2C3=C(CN(C)CC3)C(=O)Oc2c1,MMV665841
0.148,0,M,COc1ccc(cc1)C2=C(c3ccc(OC)cc3)C4(C5C(C(=O)N(C5=O)c6ccc(C)cc6)C2(C4=O)c7ccccc7)c8ccccc8,MMV666101
0.154,0,M,CCOC(=O)C1=C(N=C2SC(=Cc3cc(C)n(c3C)c4ccc(F)cc4)C(=O)N2C1c5cccc(OC)c5OC)c6ccccc6,MMV666601
0.16,0,M,c1nc(c2n(c1OCCc1cc(c(cc1)F)F)c(nn2)c1ccc(cc1)OC(F)F)Cl,MMV668823
0.161,0,M,CC(C)(C)c1ccc(O)c(CNC2CCCCC2)c1,MMV665785
0.1656666667,1,A,O=C(/C(S/1)=C/C2=C(C)N(C3=CC=C(OC)C=C3)C(C)=C2)NC1=N\C4=CC=CC=C4,OSM-S-111
0.168,0,M,COc1ccc(C=C2SC(=N)N(C2=O)c3ccccc3OC)cc1,MMV666691
0.169,0,A,O=C(N=C(S/1)N(C2=CC=CC=C2)C(C)=O)C1=C\C3=C(C)N(C4=CC=C(C)C=C4)C(C)=C3,OSM-S-50
0.17,0,M,COc1ccc(c(OC)c1)n2ccnc2SCC(=O)Nc3cc(C)ccc3C,MMV019258
0.1734,1,A,c1ncc2n(c1Oc1ccc3c(c1)cc(cc3F)F)c(nn2)c1ccc(cc1)OC(F)F,MMV672941
0.1765,0,M,COc1ccc(cc1)c2nc3cc(Cc4ccc5[nH]c(nc5c4)c6ccc(OC)cc6)ccc3[nH]2,MMV007384
0.179,0,M,COc1ccc(cc1N2C(=O)C3C(C2=O)C4(C(=O)C3(C(=C4c5ccc(C)cc5)c6ccc(C)cc6)c7ccccc7)c8ccccc8)C(=O)C,MMV007695
0.18,0,M,COc1ccc(Br)cc1C2Nc3ccc4ccccc4c3C5=C2C(=O)CC(C5)c6ccccc6,MMV020885
0.184,1,Lit,O=C(NC1=CC=C(F)C=C1F)NC2=C(C3=CC=C(Br)C=C3)C(C(F)(F)F)=NN2C,UNK3
0.1925,1,A,FC1=CC=C(N2C(C)=CC(/C=C3S/C(NC\3=O)=N\C4=CC=CC=C4)=C2C)C=C1,OSM-S-10
0.194,0,M,CCc1ccc(Nc2cc(C)c3ccc(O)cc3n2)cc1,MMV000570
0.196,0,M,CCCN(CCC)CC(O)COc1ccccc1C(=O)Nc2ccccc2,MMV006455
0.205,0,M,CCOC(=O)c1c(NC(=O)c2ccccc2)sc3c(O)c(CN(CC)CC)ccc13,MMV665831
0.205,0,M,CCOC(=O)C1=CN(CC)c2cc(N(C)CCc3ccc(OC)c(OC)c3)c(F)cc2C1=O,MMV665977
0.206,0,M,CSc1ccccc1C(=O)Nc2nc(cs2)c3ccccn3,MMV001246
0.207,1,A,FC1=C(F)C=CC(C(OC)COC2=CN=CC3=NN=C(C4=CC=C(C#N)C=C4)N32)=C1,OSM-S-208
0.211,1,A,c1ncc2n(c1C(Nc1cccc(c1)Cl)=O)c(nn2)c1ccc(cc1)OC(F)F,OSM-S-202
0.212,0,M,n1(n2)c(nc(C)cc1Nc(cc3)ccc3Cl)nc2C(F)(F)F,MMV011256
0.2155,0,M,CCOC(=O)c1c(C)n(c2ccc(Cl)cc2)c3ccc(OC(=O)C=Cc4ccccc4)cc13,MMV666600
0.218,0,M,c1(cc(c2ccccc2)n3)n3ccnc1SCC(=O)Nc(c(Cl)ccc4C(F)(F)F)c4,MMV396678
0.232,0,M,CCOC(=O)c1cnc2c(C)cc(C)cc2c1Nc3ccc(OC)c(OC)c3,MMV008294
0.235,0,M,CN(C)CCCNc1c2ccccc2nc3ccccc13,MMV000448
0.237,0,M,CCCCCC(=O)N1C(C2=C(O)CC(CC2=Nc3ccccc13)c4ccc(OC)c(OC)c4)c5ccc(cc5)C(F)(F)F,MMV085583
0.242,0,M,n1(ncn2)c2nc(C)cc1Nc(ccc(cccc3)c34)c4,MMV011099
0.2425,0,M,CCCC1=C(CC)C(=N)c2ccccc2N1C,MMV008416
0.25,1,A,c1ncc2n(c1C(NCc1cc(ccc1)Cl)=O)c(nn2)c1ccc(cc1)OC(F)F,OSM-S-176
0.251,0,M,C1CN(CCO1)c2ccc(Nc3ccnc4cc5ccccc5cc34)cc2,MMV006861
0.251,1,C,FC(F)OC(C=C1)=CC=C1C2=NN=C3C=NC=C(OCCC4=CC=CC=C4)N32,OSM-S-369
0.255,0,M,CN(C)c1ccc(cc1)C(O)(c2ccc(cc2)N(C)C)c3ccc(cc3)N(C)C,MMV665941
0.2583333333,0,A,CCOC(C1=CC=C(N2C(C)=CC(/C=C(C(N/3)=O)\SC3=N/C4=CC=CC=C4)=C2C)C=C1)=O,OSM-S-48
0.259,0,M,CCC(c1ccccc1)c2nn3c(nnc3s2)c4cccs4,MMV665876
0.259,0,A,ClC1=CC=CC(C2=NN=C3C=NC=C(OCCC4=CC=CC=C4)N32)=C1Cl,OSM-S-351
0.262,1,A,O=C(/C(S/1)=C/C2=C(C)N(C3=CC=C([N+]([O-])=O)C=C3)C(C)=C2)NC1=N\C4=CC=CC=C4,OSM-S-109
0.2627,1,A,c1ncc2n(c1Oc1ccc(cc1)S(F)(F)(F)(F)F)c(nn2)c1ccc(cc1)OC(F)F,MMV671680
0.263,0,M,Cc1cc(C=C2SC(=Nc3ccccc3)N(C4CCCC4)C2=O)c(C)n1c5ccc(Cl)cc5,MMV666688
0.268,0,M,Cc1cc(C)c2CN(Cc3ccccc3Cl)COc2c1,MMV006558
0.274,0,M,CC1CCN(Cc2ccc(NC(=O)c3cc4ccc5cccnc5c4[nH]3)cc2)CC1,MMV020549
0.2766666667,0,A,CC(N1C2=CC=C(C(F)(F)F)C=C2)=C(/C=C(C(N/3C4CCCC4)=O)\SC3=N/C5=CC=CC=C5)C=C1C,OSM-S-54
0.277,0,A,CC1=C(/C=C2S/C(NC\2=O)=N\C3=CC=CC=C3)C=C(C)N1C4=NC=CC=C4,OSM-S-51
0.2785,1,A,c1ncc2n(c1OC[C@@H](c1cc(c(cc1)F)F)N)c(nn2)c1ccc(cc1)OC(F)F,MMV671651
0.28,1,A,c1(ccccc1)CCCc1cncc2n1c(nn2)c1ccc(cc1)OC(F)F,MMV669304
0.28,1,A,c1c(ccc(c1F)F)CNC(c1cncc2n1c(nn2)c1ccc(cc1)OC(F)F)=O,MMV669543
0.281,1,A,FC1=C(F)C=CC(CCOC2=CN=CC3=NN=C(C4=CC=C(OC(F)F)C=C4)N32)=C1,OSM-S-260
0.282,0,M,Cc1ccc(cc1)N2C(=O)C3C(C2=O)C4(C(=O)C3(C(=C4c5ccccc5)c6ccccc6)c7ccccc7)c8ccccc8,MMV666062
0.28225,0,A,CC(N1C2=CC=C(F)C=C2)=CC(C(OCC(NC(C3=O)=C(N(N3C4=CC=CC=C4)C)C)=O)=O)=C1C,OSM-S-6
0.283,0,M,C1(O)(CC(=O)c(ccc(OC)c2)c2O1)C(F)(F)C(F)(F)F,MMV007839
0.285,1,A,N#CC(C=C1)=CC=C1C2=NN=C3N2C(OCC(OC)C4=CC=CC=C4)=CN=C3,OSM-S-265
0.293,0,M,OC(CNC1CCCCC1)Cn2c3ccccc3c4ccccc24,MMV009063
0.296,0,M,[n+]1(C)c2c(cccc2)nc(ccc(NCCO)c3)c13,MMV396693
0.3,0,M,Cc1cc(NCCN2CCCCC2)c3ccc4ccccc4c3n1,MMV006203
0.3036666667,0,A,CC(N1C2=CC=C(C(F)(F)F)C=C2)=CC(/C=C(C(N/3C4=CC=CC=C4)=O)\SC3=N/C5=CC=CC=C5)=C1C,OSM-S-52
0.304,0,M,C(Cc1c[nH]c2ccccc12)Nc3c4ccccc4nc5ccccc35,MMV006513
0.3045,0,M,Cc1cccc(c1)N2C(=O)C3C(C2=O)C4(C(=O)C3(C(=C4c5ccc6OCOc6c5)c7ccc8OCOc8c7)c9ccccc9)c%10ccccc%10,MMV007228
0.309,1,A,c1c(c(c(cc1)C(F)(F)F)Cl)CNC(c1cncc2n1c(nn2)c1ccc(cc1)OC(F)F)=O,MMV671677
0.309,1,A,N#CC(C=C1)=CC=C1C2=NN=C3C=NC=C(OCCC4=CC=CC=C4Cl)N32,OSM-S-189
0.309,1,A,FC(F)OC(C=C1)=CC=C1C2=NN=C3C=NC=C(C(NC4=CC(C(F)(F)F)=CC(C(F)(F)F)=C4)=O)N32,OSM-S-206
0.313,0,M,FC(F)(F)c1cccc(Nc2nc3ccccc3nc2Nc4cccc(c4)C(F)(F)F)c1,MMV665794
0.314,0,M,CCOC(=O)c1cnc2c(C)cccc2c1Nc3ccc(cc3)C(=O)C,MMV006250
0.314275,1,B,OC(C1=CC=CC=C1)COC2=CN=CC3=NN=C(C4=CC=C(OC(F)F)C=C4)N32,OSM-S-279
0.32,1,A,c1ncc2n(c1CCCc1cc(c(cc1)F)F)c(nn2)c1ccc(cc1)OC(F)F,MMV670243
0.326,0,M,Oc1ccc(cc1)c2nc(c3ccc4oc5ccc(cc5c4c3)c6[nH]c(nc6c7ccccc7)c8ccc(O)cc8)c([nH]2)c9ccccc9,MMV000753
0.3265,0,M,COC(=O)c1ccc(cc1)C2N(C(=O)c3ccccc3)c4ccccc4N=C5CC(CC(=C25)O)c6ccc(F)cc6,MMV011438
0.3292,1,B,FC(C(Cl)=C1)=CC=C1NC(C2=CN=CC3=NN=C(C4=CC=C(OC(F)F)C=C4)N32)=O,OSM-S-379
0.3321,1,A,c1c(c(ccc1Cl)Cl)CNC(c1cncc2n1c(nn2)c1ccc(cc1)OC(F)F)=O,MMV671676
0.345,0,M,Fc1ccc2[nH]c3c(NCCCN4CCOCC4)ncnc3c2c1,MMV019871
0.3475,1,A,O=C(NC1=CC=NC(C(F)(F)F)=C1)C2=CN=CC3=NN=C(C4=CC=C(OC(F)F)C=C4)N32,OSM-S-175
0.35,0,M,COc1cc(cc(OC)c1O)c2nc(c3ccc(Sc4ccccc4)cc3)c([nH]2)c5ccccc5,MMV007273
0.35,0,M,Cc1ccc(Nc2nc(cs2)c3ccccn3)cc1,MMV007907
0.35,0,M,c12c(CC(C(O)=O)NC1c3ccc(Cl)cc3Cl)c4c(cccc4)[nH]2,MMV008138
0.351,0,M,c1(cnc(c2c1O)ccc(CC)c2)C(OCC)=O,MMV007116
0.36,1,A,c1ncc2n(c1COCc1cc(c(cc1)F)F)c(nn2)c1ccc(cc1)OC(F)F,MMV669360
0.361,0,M,CCN1CCN(Cc2ccc(NC(=O)c3cc4ccc5cccnc5c4[nH]3)cc2)CC1,MMV020548
0.362,0,M,CC(C)(C)c1ccc2OCN(Cc3ccc(Cl)cc3)Cc2c1,MMV000442
0.366,0,A,FC(C=C1)=CC=C1C2=NN=C3C=NC=C(OCCC4=CC=CC=C4)N32,OSM-S-352
0.37,0,M,CCOc1cc2CCNC(c3cc(OC)c(O)cc3Cl)c2cc1OCC,MMV008956
0.372,1,C,FC(F)OC(C=C1)=CC=C1C2=NN=C3C=NC=C(OCCC4(C56)C7C6C8C5C4C87)N32,OSM-S-371
0.373,0,M,C12=C(C=C(C(=O)NCc(cccn3)c3)C(=N)N1CCc(cc4)ccc4OC)C(=O)N(C=CC=C5C)C5=N2,MMV667488
0.376,0,M,C(CCCNc1c2CCCCc2nc3ccccc13)CCNc4c5CCCCc5nc6ccccc46,MMV019555
0.378,0,M,CCC1=C(C)C(=N)c2ccccc2N1C,MMV006278
0.38,0,M,c1ncc2n(c1C(NCc1ccccc1Cl)=O)c(nn2)c1ccc(cc1)OC(F)F,MMV669002
0.381,0,M,CC1=C(CC(=O)c2cccc(c2)[N+](=O)[O-])C(=O)c3ccccc3C1=O,MMV666125
0.3829,1,A,c1ncc2n(c1Oc1ccc(cc1)C(F)(F)F)c(nn2)c1ccc(cc1)OC(F)F,MMV670764
0.385,0,M,N1(C=CC(N)=NC1=O)C2O[C@@H]([C@@H](O)[C@H]2O)CO,MMV638723
0.387,0,M,CCCCCCc1cc2C=C(C(=O)Oc2cc1O)c3csc(C=Cc4ccccc4)n3,MMV666692
0.391,0,M,c1(c(ccn2)NCCN(CC)CC)c2cc(cccc3)c3c1,MMV006303
0.393,0,M,COc1cccc(c1)C(=O)NC(c2ccc(C)cc2)c3cc(Cl)c4cccnc4c3O,MMV665969
0.396,0,M,Cc1ccc(cc1)c2cc3nc4CCCCc4c(O)n3n2,MMV006937
0.4,0,M,Cc1cccc(Nc2nc(N)c3ccccc3n2)c1,MMV019110
0.406,0,M,c12c(ncnc1NCCN(CC)CC)c3c(ccc(Cl)c3)[nH]2,MMV396703
0.407,0,M,CCCOCc1cc(CN2CCN(CC2)c3cccc(Cl)c3)c(O)c4ncccc14,MMV000787
0.4145,0,M,Fc1cccc(c1)C2Sc3ccccc3N=C4C2C(=O)c5ccccc45,MMV006389
0.415,0,A,C12=NN=C(C3=CC(C=CC=C4)=C4C=C3)N1C(OCCC5=CC=CC=C5)=CN=C2,OSM-S-297
0.428,0,M,n1c(NCCO)c2c(cccc2)nc1Nc(ccc(C)c3C)c3,MMV001038
0.43,0,M,C1(CN(C1)c1cc(c(cc1)F)F)Oc1cncc2n1c(nn2)c1ccc(cc1)OC(F)F,MMV668956
0.433,0,M,C(F)(F)(F)c(cc1)ccc1C(=O)NCC(N2CCCCCC2)c(ccs3)c3,MMV396672
0.4349,0,B,C(COc1cncc2n1c(nn2)c1cnc(cc1)C(F)(F)F)c1cc(c(cc1)F)F,OSM-S-366
0.439,0,M,CCOc1ccc2OCN(Cc3ccc(Cl)cc3)Cc2c1,MMV000443
0.448,0,M,COc1ccc(cc1)c2nc(NC(=O)CS(=O)(=O)c3ccc(F)cc3)sc2C,MMV665915
0.45,0,M,Brc1cccc(c1)C(=O)Nc2ccc(cc2)c3nc4cc5ccccc5cc4[nH]3,MMV019241
0.452,1,A,ClC(C=C1)=CC=C1C2=NN=C3C=NC=C(OCC4=CC=C(F)C(F)=C4)N32,OSM-S-259
0.454,0,M,Cc1ccc(cc1)C2CC(n3nc(cc3N2)C(=O)N4CCN(CC4)C(c5ccccc5)c6ccccc6)C(F)(F)F,MMV000699
0.4551,1,A,c1ncc2n(c1Oc1cc(c(cc1)Cl)Cl)c(nn2)c1ccc(cc1)OC(F)F,MMV670765
0.466,0,M,OC(CNC1CCCCC1)Cn2c3ccc(I)cc3c4cc(I)ccc24,MMV665882
0.467,0,M,n1c(Nc(cc2)ccc2OC)cc(C)nc1NCc3ccccc3,MMV006825
0.47,0,M,c1ncc2n(c1OCCc1cc(c(cc1)F)F)c(nn2)N1Cc2c(C1)cccc2,MMV669028
0.473,0,M,CC(C)CCNCC(O)Cn1c2ccccc2c3ccccc13,MMV006787
0.477,0,M,n1(nc(C)c2c3ccc(OC)c(OC)c3)c2ncc(C#N)c1N,MMV396797
0.4775,0,M,COc1ccccc1N2C(=N)SC(=Cc3ccc(OCc4ccccc4F)cc3)C2=O,MMV007199
0.48,0,M,CCOc1ccc2nc(C)cc(Nc3ccc(Br)cc3)c2c1,MMV006522
0.4833,1,A,C1(COC1)(COc1cncc2n1c(nn2)c1ccc(cc1)OC(F)F)c1cc(c(cc1)F)F,MMV670438
0.489,0,M,CCOC(=O)C1=C(C)N=C2SC(=Cc3cc(Cl)ccc3O)C(=O)N2C1c4ccc(OC)cc4,MMV665971
0.5096,1,A,c1(ccc2n(n1)c(nn2)c1ccc(cc1)OC(F)F)NCCc1ccc(cc1)F,MMV672942
0.5115,1,M,CCOc1c(Br)cc(cc1OC)C2C(=CN(C)C=C2C(=O)OC)C(=O)OC,MMV006764
0.512,0,M,CCn1c(CN2CCN(Cc3ccccc3)CC2)nc4cc(NC(=O)c5cccs5)ccc14,MMV020439
0.513,0,M,COc1ccc(cc1)C(=O)NC(c2ccc(Cl)cc2Cl)c3cc(Cl)c4cccnc4c3O,MMV666054
0.515,0,A,FC1=CC=C(N2C(C)=CC(C(OCC(N)=O)=O)=C2C)C=C1,OSM-S-5
0.516,1,M,COc1ccc(cc1Cl)C(=O)Nc2nonc2c3ccc(OC)c(OC)c3,MMV011567
0.5185,1,M,CCOC(=O)C1=CN(C)C=C(C1c2cc(Br)c(OCC)c(OC)c2)C(=O)OCC,MMV006656
0.52,0,M,COc1ccc2C(=O)C=C(Oc2c1)C(Cl)(Cl)Cl,MMV665820
0.5207,1,A,c1(ncc2n(c1)c(nn2)c1ccc(cc1)OC(F)F)OCc1cc(c(cc1)F)F,MMV670946
0.529,0,A,FC(F)OC(C=C1)=CC=C1C2=NN=C3C=NC=C(OCC4=CC=C(Cl)C(Cl)=C4)N32,OSM-S-347
0.53,0,M,COc1cccc(O)c1CN2CCC3(CCCN(Cc4ccc(F)cc4)C3)C2,MMV666061
0.532,0,M,COc1ccc(Nc2nc(NN=Cc3ccc(O)cc3)nc(Nc4ccc(cc4)[N+](=O)[O-])n2)cc1,MMV666689
0.534,0,M,CCCCCCc1cc(O)c2C3=C(CCC(C)C3)C(=O)Oc2c1,MMV665987
0.534,1,A,N#CC(C=C1)=CC=C1C2=NN=C3C=NC=C(OCCC4=CC=CC=C4)N32,OSM-S-187
0.535,0,M,Cc1ccc(c(O)c1)c2cc([nH]n2)C(=O)Nc3ccc(cc3)S(=O)(=O)N4CCCCC4,MMV665906
0.536,0,M,CC(=O)c1sc(NC(=O)Nc2ccc(C)cc2C)nc1C,MMV665894
0.538,0,M,CCCCc1ccc(NS(=O)(=O)c2cc3CCN4C(=O)CCc(c2)c34)cc1,MMV001255
0.539,1,M,Cc1ccc(F)cc1NC(=O)c2cc(Cl)ccc2Nc3ccccc3,MMV007275
0.545,0,M,CN1C(=O)N(C)c2cc(CNCCNc3ccnc4cc(Cl)ccc34)ccc12,MMV665875
0.5468,1,A,c1ncc2n(c1C(=O)NC1CCc3c1ccc(c3)Cl)c(nn2)c1ccc(cc1)OC(F)F,MMV672624
0.548,0,M,Oc1ccccc1CN2CCC3(CCCN(Cc4ccccc4F)C3)C2,MMV666116
0.551,0,M,COc1ccc(C=C2SC(=NC2=O)Nc3ccccc3)cc1,MMV665836
0.551,0,M,CCCCCCc1cc2C=C(C(=Nc3ccccc3C)Oc2cc1O)c4nc5ccccc5[nH]4,MMV666597
0.552,0,M,CN1C=C(C(c2ccccc12)c3c[nH]c4ccccc34)c5ccc6ccccc6n5,MMV008160
0.555,0,M,ClCC(=O)NCCOc1ccc(Cl)cc1Cl,MMV665927
0.56,0,M,CCOc1ccc(C=CC2=NC(=O)c3ccccc3O2)cc1,MMV665940
0.563,0,M,Brc1ccc2OCC(=Cc2c1)C(=O)NCCCN3CCC(CC3)N4CCCCC4,MMV019995
0.567,0,M,OC1=C2C(Sc3ccccc3N=C2c4ccccc14)c5ccc(Br)cc5,MMV007127
0.5697,1,A,c1ncc2n(c1N[C@H](c1cc(c(cc1)F)F)CO)c(nn2)c1ccc(cc1)OC(F)F,MMV671652
0.5764,1,A,c1ncc2n(c1Oc1ccc3c(c1)scc3)c(nn2)c1ccc(cc1)OC(F)F,MMV672937
0.5767,1,B,OC(C1=CC(F)=C(F)C=C1)COC2=CN=CC3=NN=C(C4=CC=C(C#N)C=C4)N32,OSM-S-376
0.582,0,A,FC(C=C1)=C(F)C=C1C2=NN=C3C=NC=C(OCCC4=CC=CC=C4)N32,OSM-S-349
0.584,0,M,CCCCOC(=O)c1ccc(Nc2cc(C)nc3ccc(OC)cc23)cc1,MMV665797
0.589,0,M,n1c(NCc2ccccc2)c3c(cccc3)nc1Nc(cc4)ccc4OC,MMV000963
0.59,0,M,OCCNc1nc(Nc2ccc(Cl)c(Cl)c2)nc3ccccc13,MMV001041
0.591,0,M,COc1ccc(C=C2SC(=NC2=O)Nc3ccc(F)cc3)c(OC)c1,MMV084434
0.5973,1,A,c1ncc2n(c1Oc1cc(c(cc1)Cl)C(F)(F)F)c(nn2)c1ccc(cc1)OC(F)F,MMV671650
0.603,0,M,CC(NCc1ccccc1)c2cc(Cl)ccc2O,MMV665789
0.6095,1,A,[C@H]1([C@@H](N(C1)C1CC1)c1cc(c(cc1)F)F)Oc1cncc2n1c(nn2)c1ccc(cc1)OC(F)F,MMV671933
0.611,0,M,Oc1ccccc1CN2CCN(CC2)C(c3ccccc3)c4ccccc4,MMV011795
0.6133,1,A,c1ncc2n(c1OCC(c1cc(c(cc1)F)F)N1CCOCC1)c(nn2)c1ccc(cc1)OC(F)F,MMV671647
0.6145,0,M,Cc1sc2ncnc(Sc3nc4ccccc4[nH]3)c2c1C,MMV019266
0.615,0,M,c1(C(OCC)=O)c(cc(cc2)OC(=O)c(cc3OC)cc(OC)c3OC)c2n(c4ccccc4)c1C,MMV396664
0.625,0,M,CCN(Cc1ccccc1)C2CCN(Cc3cc(Br)ccc3O)CC2,MMV019127
0.632,0,M,COc1ccc(CCNC(=O)c2cc(ccc2Sc3ccc(F)cc3)S(=O)(=O)N4CC(C)CC(C)C4)cc1OC,MMV007557
0.635,0,M,Cc1ccc(CSCc2oc(cc2)C(=O)NC3CC3)cc1,MMV007571
0.6405,0,M,CCC(O)c1ccc(Br)cc1NC(=O)c2cccc(Cl)c2,MMV020654
0.641,0,M,CCN(CC)S(=O)(=O)c1ccc(cc1)c2csc(Nc3ccc(C)c(C)c3)n2,MMV009108
0.642,0,M,CCC(C)NCC(O)(c1ccc(Cl)cc1)c2ccc(Cl)cc2,MMV665928
0.646,0,M,Oc1ccc2ccccc2c1CNc3nc4ccccc4[nH]3,MMV011832
0.646,0,M,O=C(NC1CCN(Cc2ccccc2)CC1)c3cc(cc(c3)C(=O)NC4CCN(Cc5ccccc5)CC4)C(=O)NC6CCN(Cc7ccccc7)CC6,MMV019881
0.648,0,M,CC1CCCCN1CCCNC(=O)c2ccc3c(c2)sc4nc(cn34)c5ccc(F)cc5,MMV000634
0.65,1,A,c1ncc2nnc(n2c1C(Nc1ccc(c(c1)F)F)=O)c1ccc(cc1)OC(F)F,MMV669850
0.66,0,M,OC(CNC1CCCC1)Cn2c3ccccc3c4ccccc24,MMV000848
0.6615,0,M,c1ccc(cc1)C2=Nc3ccccc3N=C(c4ccccc4)c5ccccc25,MMV007113
0.662,0,M,Cc1cc(Nc2cccc(F)c2)nc(NCc3ccccc3)n1,MMV006319
0.663,0,M,COc1ccc(CNC2CCN(CC2)c3ccc(NC(=O)c4cccc(Cl)c4)cc3)cc1OC,MMV666067
0.669,0,M,CN1C(=O)c2cc(sc2c3ccccc13)C(=O)NCCCN4CCCCCC4,MMV019313
0.6765,0,M,OC(COc1ccccc1C(=O)CCc2ccccc2)CN3CCCCC3,MMV009015
0.683,0,M,CCOc1cc2CCNC(c3cc(C)c(O)c(C)c3)c2cc1OCC,MMV000483
0.683,0,M,n1(c2c(cccc2)n3)c3c(C#N)c(C)cc1N(CC4)CCN4C5CCCC5,MMV006706
0.684,0,M,Cc1cc(Nc2ccc(OCc3ccccc3)cc2)nc4cc(O)ccc14,MMV007181
0.685,0,M,FC(F)(F)c1cccc(CNC2CCN(CCc3ccccc3)CC2)c1,MMV665979
0.686,0,M,c1(cc(C)nc(ccc(OC)c2)c12)Nc3ccccc3O,MMV274073
0.693,0,M,Cc1onc(NC(=O)c2ccc(cc2)c3ccccc3)c1,MMV018984
0.693,0,M,C1(=NC(N(C)C2=O)=O)C2=NC(=NN1CC)c3ccc(C(=O)OC)cc3,MMV306025
0.6945,0,M,CCN1C2=C(CCC2)C(=N)C3=C1CCCC3,MMV000340
0.697,0,M,CC(C)OCc1cc(CN2CCN(CC2)c3cccc(Cl)c3)c(O)c4ncccc14,MMV000788
0.697,0,M,Cc1ccccc1OCCSc2nc3ccc(NC(=O)c4cccs4)cc3s2,MMV007396
0.697,0,M,Cc1cc(C)c2nc(sc2c1)N3CCC(CC3)C(=O)NCCCN4CCC(CC4)N5CCCCC5,MMV019780
0.7,0,M,c12c(ncnc1NCCCN(CC3)CCO3)c4c(ccc(Cl)c4)[nH]2,MMV006587
0.702,0,A,FC(F)OC(C=C1)=CC=C1C2=NN=C3C=NC=C(OC(C)C4=CC=C(Cl)C(Cl)=C4)N32,OSM-S-346
0.706,0,M,CCCCNc1nc(NC(C)(C)C)nc(NC(C)(C)C)n1,MMV665864
0.707,0,M,c12c(ncnc1NCCN(CC)CC)c3c(ccc(Br)c3)[nH]2,MMV006545
0.709,0,A,ClC(C=C1)=C(Cl)C=C1C2=NN=C3C=NC=C(OCCC4=CC=CC=C4)N32,OSM-S-350
0.716,0,M,CCCCC1=C(CCC)C(=N)c2ccccc2N1C,MMV007764
0.7185,0,M,CCN(CC)CCN1C(=N)N(CC(O)c2ccc(Cl)c(Cl)c2)c3ccccc13,MMV000248
0.728,1,M,CCOc1cc(Cl)c(cc1OCC)C(C)NC(=O)c2cccc(OC)c2,MMV665803
0.7308,1,A,[C@H]1([C@H](N(C1)C1CC1)c1ccc(c(c1)F)F)Oc1cncc2nnc(n12)c1ccc(cc1)OC(F)F,MMV672689
0.735,0,M,COc1ccc(cc1)C2=CC(=O)Oc3c4CN(Cc5ccc(F)cc5)COc4ccc23,MMV000604
0.735,0,M,Clc1cc(NC(=O)c2oc(Br)cc2)ccc1N3CCCCC3,MMV019700
0.738,1,A,c1ncc2n(c1Oc1ccc(cc1)C(C)(C)C)c(nn2)c1ccc(cc1)OC(F)F,MMV671648
0.745,0,M,O=C(Nc1cccc(c1)C(=O)Nc2cccc(c2)c3nc4ccccc4[nH]3)c5occc5,MMV665883
0.746,0,M,CCOc1cc2CCNC(c3cc(Cl)ccc3O)c2cc1OCC,MMV000478
0.7555,0,M,CC1CC(C)CN(C1)C(=O)c2ccc(Cl)cc2Cl,MMV001344
0.769,0,M,CC1CCCCC1NCC(O)Cn2c(C)c(C)c3ccccc23,MMV665806
0.771,0,M,Cc1[nH]c(cc1C(=O)NC2CCN(Cc3ccccc3)CC2)c4ccc(F)cc4,MMV019738
0.7744,0.5,B,O=C(NC1=CC(Cl)=CC=C1C)C2=CN=CC(N23)=NN=C3C4=CC=C(OC(F)F)C=C4,OSM-S-254
0.776,0,M,C(Nc1nc(Nc2ccccc2)nc3ccccc13)c4ccccc4,MMV006169
0.782,0,M,COc1cc(cc(OC)c1OC)C(=O)ON=C(N)Cc2cccc3ccccc23,MMV666687
0.795,0,M,OCCCCN1C(=O)c2ccc3C(=O)N(CCCCO)C(=O)c4ccc(C1=O)c2c34,MMV009085
0.8005,0,M,Clc1cc(Br)ccc1c2oc(CNCC3CCNCC3)cc2,MMV019918
0.814,0,M,COc1ccccc1C(=O)ON=C(N)Cc2cccc3ccccc23,MMV666686
0.826,0,M,O=C(Nc1ccc(cc1)C23CC4CC(CC(C4)(C2)c5ccccc5)C3)c6cccs6,MMV007574
0.83,0,M,COc1ccc(cc1)C(=O)NC(c2ccccc2Cl)c3cc(Cl)c4cccnc4c3O,MMV666022
0.83,1,A,c1ncc2cnc(n2c1OCCc1cc(c(cc1)F)F)c1ccc(cc1)Cl,OSM-S-274
0.832,0,M,n1(CCc2ccccc2F)c3c(nc4c(cccc4)n3)c(C(=O)NCC(C)C)c1N,MMV396744
0.8355,0,M,Cc1nc2ccccc2c(O)c1CC=C(Cl)Cl,MMV665994
0.838,0,M,Clc1ccc(cc1Cl)C(=O)Nc2ccc(cc2)c3nc4ccccc4[nH]3,MMV665840
0.8392,1,A,c1ncc2n(c1Oc1ccc3c(c1)cc(c(c3)F)F)c(nn2)c1ccc(cc1)OC(F)F,MMV672940
0.842,0,M,Nc1ccc(cc1)c2nc3cc(Oc4ccc(Oc5ccc6[nH]c(nc6c5)c7ccc(N)cc7)cc4)ccc3[nH]2,MMV011895
0.843,0,M,CCCCNCC(O)(c1ccc(Cl)cc1)c2ccc(Cl)cc2,MMV665929
0.845,0,M,COc1ccc(cc1)C2Sc3ccccc3N=C4C2=C(O)c5ccccc45,MMV000563
0.846,0,M,Clc1ccc2OC(=O)C=C(NC3CCN(CCCc4ccccc4)CC3)c2c1,MMV665786
0.85,0,M,c1ncc2n(c1OCCc1cc(c(cc1)F)F)c(nn2)Nc1cc(c(cc1)F)F,MMV669006
0.854,0,M,n1c(NCCO)c2c(cccc2)nc1Nc3cccc(OC)c3,MMV011944
0.871,0,M,CC(=O)Nc1nnc(SCc2c(C)cc(cc2C)C(C)(C)C)s1,MMV020700
0.8755,0,M,CN(C)CCCNCc1oc(cc1)c2ccc(F)c(Cl)c2,MMV020505
0.89,0,M,C12=C(c3c(cccc3)C1=O)Nc4c(cccc4)SC2c5ccccc5,MMV645672
0.8905,0,M,Clc1ccc(cc1)S(=O)(=O)N2CCC(CC2)C(=O)NCc3occc3,MMV006188
0.893,0,M,OC(CN1C(=N)N(CCN2CCCCC2)c3ccccc13)c4cccc(Br)c4,MMV665902
0.898,0,M,c1(sc(cc2c(c3CC2)c4ccc3)c4n1)NC(=O)c(cc5OC)cc(OC)c5OC,MMV396665
0.9018,0.5,B,O=C(NC1=C(F)C(Cl)=CC=C1)C2=CN=CC(N23)=NN=C3C4=CC=C(OC(F)F)C=C4,OSM-S-204
0.906,0,M,CC1=CC(=O)Oc2c1ccc3oc(C(=O)c4ccc(C)cc4)c(C)c23,MMV086103
0.912,0,M,COc1ccc(OC)c(c1)C2C3=C(CC(C)(C)CC3=O)N(C4=C2C(=O)CC(C)(C)C4)c5ccc(Cl)c(Cl)c5,MMV007208
0.916,0,M,c([nH]nc1c2c(O)cc(C)c(Cl)c2)(C3=O)c1C(c4ccccc4F)N3CCc(cc5)ccc5OC,MMV396717
0.927,0,M,COc1cc2cc(C(=O)Nc3ccccc3)c(N)nc2cc1OC,MMV006767
0.928,1,C,FC(F)OC(C=C1)=CC=C1C2=NN=C3C=NC=C(OCCC4=CC=C(OC)C=C4)N32,OSM-S-384
0.928,1,M,C12(Nc(cccc3)c3c4n1c5c(cccc5)n4)C(=O)Nc(ccc(OC)c6)c26,MMV396749
0.929,0,M,c1(c(cnn1c2cccc(C)c2)C(=O)N3)N=C3n4nc(C)cc4NC(=O)c5cc(cccc6)c6o5,MMV403679
0.93,0.5,Lit,O=C1C2=CC=CC=C2[C@@H](C(NC3=CC(C#N)=C(F)C=C3)=O)[C@H](C4=CN=CC=C4)N1CC(F)(F)F,UNK4
0.9345,0,M,COc1ccc(cc1CN2CCN(CC2)c3ccc(F)cc3)C4NCCc5c4[nH]c6ccccc56,MMV019690
0.939,0,M,Brc1ccc(cc1)S(=O)(=O)N2CCC(CC2)C(=O)NCc3occc3,MMV007430
0.939,0,M,N1C(c2cccc(cccc3)c23)C(CC=C4)C4c5c1c(Cl)ccc5C(OC)=O,MMV667489
0.941,0,M,CCOc1ccc(cc1)C2N(C)c3ccccc3N2C,MMV075490
0.944,0,M,Clc1ccc2c(ccnc2c1)N3CCCC3,MMV007363
0.9465,0,M,CC(C)(C)c1ccc(cc1)C2CC(=C3C(N(C(=O)c4ccccc4Cl)c5ccccc5N=C3C2)c6ccc(F)cc6)O,MMV011436
0.947,0,M,Cc1ccc(Cn2c(nc3ccccc23)N4CCC(CC4)C(=O)NCc5cccs5)cc1,MMV007564
0.959,0,M,n12c(nc(c3ccc(Cl)s3)cc1C(F)(F)F)cc(C(=O)NC(CC4)CCN4Cc5ccccc5)n2,MMV396635
0.959,0,M,n1(nc(C)cc1NC(=O)c(cccc2C(F)(F)F)c2)c3scc(c(ccc(OCO4)c45)c5)n3,MMV396681
0.969,0,M,COc1ccc2nc(C)cc(Nc3cccc(O)c3)c2c1,MMV008212
0.994,0,M,CN1C(N(C)c2ccccc12)c3ccc4OCOc4c3,MMV666009
0.995,0,M,Clc1ccc(C=CC2=NC(=O)c3ccccc3O2)cc1,MMV007977
1,0,M,n1c(N)c2c(cccc2)nc1Nc3cccc(F)c3,MMV080034
1,0,M,CCN1C(=Nc2ccccc2C1=O)SCC(=O)Nc3cc(ccc3Cl)C(F)(F)F,MMV666103
1.005,0,M,CC1CC2=C(CC1CNCCCN(C)C)C(C)(C)CCC2,MMV665830
1.01,0,M,n(CC(CNCCOC)O)(c1c2cc(Cl)cc1)c3c2cc(Cl)cc3,MMV019017
1.01,0,M,Clc1ccc2nc(cc(C(=O)NC3CCN(Cc4ccccc4)CC3)c2c1)c5cccnc5,MMV020490
1.01,0,M,n12c(cc(C(C)(C)C)n1)nc(CCN3Cc4ccccc4OCC)c(C3)c2O,MMV396595
1.01,0,M,O=C(Nc1cccc(c1)C2=NCCN2)Nc3cccc(c3)C4=NCCN4,MMV665810
1.01,0,M,Oc1c(ccc2cccnc12)C(Nc3ccccn3)c4cccc(Oc5ccccc5)c4,MMV665814
1.014,0,A,C12=NN=C(C3=CC(OCO4)=C4C=C3)N1C(OCCC5=CC=CC=C5)=CN=C2,OSM-S-296
1.015,0,M,Cc1ccnc(NC(c2cccc(OCc3ccccc3)c2)c4ccc5cccnc5c4O)c1,MMV000720
1.02,0,M,Clc1ccc2nc(cc(C(=O)NC3CCN(Cc4ccccc4)CC3)c2c1)c5ccncc5,MMV020275
1.02,0,M,c1(C(c(cccn2)c2)N3CCC(CC3)Cc4ccccc4)c(C)c(C)sc1NC(=O)c5ccco5,MMV396663
1.03,0,M,c1(cc(Br)ccc1O)CN(CC2)CCN2Cc3cccc(F)c3,MMV000356
1.03,0,M,CC(Oc1ccc(NC(=O)c2cccs2)cc1)C(=O)c3ccc(Cl)cc3,MMV665886
1.033,1,A,C12=CC=CC=C1C3=C(C4(CCN(CC5=CC=CC=C5)CC4)OCC3)N2,OSM-S-194
1.04,0,M,C1(=NC(C)(Cc(cc(OC)c(OC)c2)c23)C)C3=NNC1=O,MMV084940
1.05,0,M,c1(OCC)c(OC)cc(cc1Cl)CN([H])CC(O)c2ccccc2,MMV396632
1.06,0,M,CCOc1ccc(Nc2c3ccccc3nc4ccccc24)cc1,MMV000304
1.06,0,M,c12c(nc(c3ccc(OC)cc3)nc1N4CCN(C(=O)C5CCCCC5)CC4)sc(CCCC6)c26,MMV396594
1.06,0,M,n(CC(CNCC1CCCO1)O)(c2c3cc(Cl)cc2)c4c3cc(Cl)cc4,MMV396736
1.06,0,M,COc1ccc(CNC(=O)C2=CC3=C(N=C4C=CC=CN4C3=O)N(CCc5ccccc5)C2=N)cc1,MMV665881
1.06,0,M,COc1ccc(cc1)C(=O)C2CC2c3ccc(Cl)cc3,MMV665924
1.06,0,M,c1ncc2n(c1C(=O)N(Cc1cc(ccc1)Cl)C)c(nn2)c1ccc(cc1)OC(F)F,MMV669105
1.06,1,A,O=C(NC1=CC(Cl)=CC=C1C)C2=CN=CC(N23)=NN=C3C4=CC=C(OC)C=C4,OSM-S-257
1.061,0,M,Brc1ccc(Nc2nc3ccccc3nc2Nc4ccc(Br)cc4)cc1,MMV007224
1.07,0,M,n1c(cc(C)nc1Nc(cc2)ccc2NC(CCc3ccccc3)=O)N4CCCC4,MMV396669
1.07,0,M,c1ccc(cc1)c2ccc(cc2)c3nc4ccccc4[nH]3,MMV665891
1.07,0,M,Brc1ccc(cc1)c2cc3C(=O)c4ccccc4c3nn2,MMV665934
1.07,0,M,O=C(NC1CCCCC1)C(N(CCc2ccccc2)C(=O)c3occc3)c4cccs4,MMV666106
1.075,0,M,O=C(Nc1ccc(cc1)N2CCN(Cc3ccccc3)CC2)c4cccs4,MMV019670
1.08,0,M,OC(CNCc1ccccc1)Cn2c3ccccc3c4ccccc24,MMV000839
1.08,0,M,COc1ccc(CN2CCN(Cc3ccccc3)CC2)c(O)c1,MMV665944
1.0895,0,M,COc1cc(OC)cc(c1)C(=O)Nc2ccc(cc2)c3nc4ccccc4[nH]3,MMV019124
1.09,1,M,COc1cccc(NC(=O)Cn2c(C)c(C#N)c3ccccc23)c1,MMV665826
1.1,0,M,c1(Nc(cc2)ccc2N(CC3)CCN3C)c4c(ccc(OC)c4)ncc1C(OCC)=O,MMV000704
1.109,0,M,CCCN1C(=N)C(=CC2=C1N=C3N(C=CC=C3C)C2=O)C(=O)NC4CCCCC4,MMV008829
1.11,0,M,COc1ccc(cc1)N2CCN(CC2)C(CNC(=O)C3CCCCC3)c4ccc5OCOc5c4,MMV019662
1.12,0,M,Cc1ccccc1OCCSc2nc3ccc(NC(=O)c4ccccc4)cc3s2,MMV007577
1.121,1,A,[C@H]1([C@@H](N(C1=O)C1CC1)c1cc(c(cc1)F)F)Oc1cncc2n1c(nn2)c1ccc(cc1)OC(F)F,MMV671934
1.132,0,M,CC1CCN(Cc2c(O)ccc3C=C(C(=O)Oc23)c4nc5ccccc5s4)CC1,MMV009127
1.135,0,M,CCCCCCN1C(=N)N(CC(O)COc2cccc(C)c2)c3ccccc13,MMV000445
1.14,0,M,COc1nc(Nc2ccc(cc2)C(C)C)nc(OC)n1,MMV007808
1.14,0,M,Oc1ccc2ccccc2c1C(NC(=O)Cc3ccccc3)c4ccc(Cl)cc4,MMV665972
1.14,0,M,Clc1ccc(cc1)C2(CN3CCC(CC3)NC(=O)CCc4occc4)CCC2,MMV666108
1.15,0,M,n1c(N(C)C)cc(C)nc1Nc(cc2)ccc2NC(=O)Nc3ccccc3,MMV020243
1.15,1,M,n1(c2c(cccc2)n3)c3c4c(cccc4)NC1(C)c5cccc(OC)c5,MMV396719
1.16,0,M,c1(C#N)nc(Cc2cccc(cccc3)c23)oc1N(CC4)CCN4C(c5ccccc5)c6ccccc6,MMV396726
1.16,0,M,c1(Cl)c(ccc(Cl)c1)OCC(O)CNC(C)(C)CC(C)(C)C,MMV396794
1.16,0,M,Clc1ccc(NC(=O)Nc2ccc(Cl)c(Cl)c2)cc1Cl,MMV665852
1.16,0,M,CC(=CCN1CCC(CC1)C(=O)Nc2ccc(cc2)c3nc4ccccc4[nH]3)C,MMV665946
1.17,0,M,Cc1ccc2nc(C)cc(Nc3cccc(c3)C(F)(F)F)c2c1,MMV000326
1.17,0,M,Oc1c(ccc2cccnc12)C(NC(=O)c3ccccc3)c4ccccc4,MMV666080
1.175,0,M,CCOC(=O)C1CCN(CC1)C(=O)CN2C(c3ccccc3C2=O)c4c[nH]c5ccccc45,MMV011576
1.18,0,M,COc1cc(cc(OC)c1O)c2nc(c3ccccc3)c([nH]2)c4ccccc4,MMV020750
1.18,0,M,c1(C(c2cccs2)N(CCN3c4ccccc4)CC3)c(C)c(C)sc1NC(c5ccccc5)=O,MMV396652
1.18,1,M,COc1ccc(cc1)C2C(C(=O)Nc3cccc(OC)c3)c4ccccc4C(=O)N2C5CCCCC5,MMV008455
1.19,0,M,CCOC(=O)c1cnc2ccc(Cl)cc2c1NCCCN(C)C,MMV006882
1.19,0,M,c12c(ncnc1N(CC3)CCN3C)c4c(ccc(Cl)c4)[nH]2,MMV396704
1.19,0,M,CCCc1c(C)nc2ccc(Br)cc2c1O,MMV666095
1.19,0,M,COCCN(C(C(=O)NCc1ccc(OC)cc1)c2ccc(cc2)C(C)C)C(=O)Cc3cccs3,MMV666105
1.19,0,M,C1(N(C)N=O)=C(NC2CCCCC2)C(=O)c(cccc3)c3C1=O,MMV667492
1.2,0,M,CCOc1ccc(CN2CCN(CC(O)COc3ccc(OCC(O)CN4CCN(Cc5ccc(OCC)cc5)CC4)cc3)CC2)cc1,MMV007092
1.2,1,A,O=C(/C(S/1)=C/C2=C(C)NC(C)=C2)NC1=N\C3=CC=CC=C3,OSM-S-108
1.2,1,A,O=C(/C(S/1)=C/C2=C(C)N(C3=CC=CC=C3)C(C)=C2)NC1=N\C4=CC(O)=CC=C4,OSM-S-114
1.2015,1,A,O=C(/C(S/1)=C/C2=C(C)N(C(C)=C2)C3=CC=C(C#N)C=C3)NC1=N\C4=CC=CC=C4,OSM-A-2
1.22,0,M,COc1cc(cc(OC)c1OC)C(=O)Nc2ccc(cc2)c3nc4ccccc4[nH]3,MMV665898
1.23,0,M,C12=C(N=CN(CCCN(C)C)C1=N)Oc3c(ccc(cccc4)c34)C2c5ccc(OC)cc5,MMV667491
1.24,0,M,c1(OCC)c(OCC)cc(cc1Cl)CN([H])C(C)C(O)c2ccccc2,MMV396633
1.24,0,M,N1(CC(=O)c(ccc(Cl)c2Cl)c2)c3c(cccc3)N(CCN4CCCCC4)C1=N,MMV396723
1.24,1,M,COc1ccc2C3CC(=Nc4ccccc4N3C(=O)c2c1OC)c5ccc(C)cc5,MMV000917
1.26,0,M,CC(C)c1ccc(CNCC(O)c2ccccc2)cc1,MMV001049
1.26,1,M,OC(Cn1nnc2ccccc12)Cn3c4ccc(Br)cc4c5cc(Br)ccc35,MMV666025
1.27,0,M,COc1cc2CCN(C)C3Cc4ccc(Oc5cc(CC6N(C)CCc7cc(OC)c(OC)c(Oc1cc23)c67)ccc5O)cc4,MMV007474
1.29,0,M,Cc1nc2ccccc2c(O)c1CC=C,MMV006913
1.3,0,M,COc1cccc(c1)c2nn(C)c3sc(cc23)C(=O)NCCN4CCN(CC4)c5ccccc5F,MMV019064
1.31,0,M,Cc1ccc2cc3c(N)c4c(C)ccc(C)c4nc3nc2c1,MMV666079
1.32,1,M,CCOc1ccccc1CNC(=O)C2C(N(CC(C)C)C(=O)c3ccccc23)c4cccs4,MMV000653
1.33,0,M,CCOc1cc(cc(Cl)c1O)C2NCCc3cc(OCC)c(OCC)cc23,MMV000481
1.33,0,M,Cc1ccc(C)c(Cn2c(nc3ccccc23)N4CCC(CC4)C(=O)NCc5cccs5)c1,MMV019741
1.33,0,M,Cc1ccc(Cl)cc1N2CCN(CCCNC(=O)C3CCN(CC3)c4nc5ccccc5[nH]4)CC2,MMV019746
1.33,0,M,c(n1)(nc(NNC(=O)c(cc2)ccc2)cc1N(CCC3)C3)N(C4)CCC4,MMV396770
1.34,1,A,c1ncc2n(c1C(NCc1ccc(cc1)Cl)=O)c(nn2)c1ccc(cc1)OC(F)F,OSM-S-178
1.36,0,M,Brc1ccc(cc1)c2oc(cc2)C(=O)Nc3ccc(CN4CCOCC4)cc3,MMV665901
1.36,0,M,Brc1ccccc1C(=O)Nc2nc(cs2)c3ccccn3,MMV665909
1.36,1,A,c1ncc2n(c1C(=O)N[C@@H](c1ccccc1)C)c(nn2)c1ccc(cc1)OC(F)F,OSM-S-186
1.37,1,M,CCOc1cc(Cl)c(cc1OCC)C(C)NC(=O)c2ccccc2,MMV665800
1.38,0,M,CCCCC(O)(C(CN1CCOCC1)c2ccc(Cl)cc2)c3ccc(Cl)cc3,MMV000619
1.39,0,M,c12c(C(=O)N(C)C(=O)N1C)n(Cc3cccc(OC)c3)c(Oc4ccccc4)n2,MMV396705
1.42,0,M,Nc1ccc(cc1)c2nc3cc(Cc4ccc5[nH]c(nc5c4)c6ccc(N)cc6)ccc3[nH]2,MMV665943
1.43,0,M,CCCN(CCC)CCCNC(=O)c1cc2c(nn(C)c2s1)c3ccc(OC)c(OC)c3,MMV000561
1.43,0,M,c1(N(CC2)CCN2C)c3c(nc(Nc(ccc4O)cc4)n1)cccc3,MMV000986
1.43,0,M,COc1cc(OC)cc(c1)N2C(=O)N(Cc3ccc(cc3)C(C)(C)C)c4ccccc4S2(=O)=O,MMV008173
1.43,0,M,COc1ccc(CCN2CCC(CN(C)Cc3cnn(c3)c4ccccc4)CC2)cc1,MMV666069
1.43,1,M,CCOc1cc(Br)c(cc1OCC)C(C)NC(=O)c2cccc(OC)c2,MMV665796
1.459,1,A,c1ncc2n(c1OCC1CCc3c1ccc(c3)Cl)c(nn2)c1ccc(cc1)OC(F)F,MMV672726
1.51,0,M,CCOC(=O)C1=C(C)N=C2SC(=Cc3ccccc3O)C(=O)N2C1c4ccc(OC)c5ccccc45,MMV666604
1.599,0,A,C12=NN=C(C3=CC=CC=C3)N1C(OCCC4=CC=CC=C4)=CN=C2,OSM-S-294
1.6,0,M,c1ncc2n(c1C(=O)N[C@H](c1ccccc1)C)c(nn2)c1ccc(cc1)OC(F)F,MMV669021
1.6,1,A,O=C(/C(S/1)=C/C2=C(C)N(C3=CC=C(OC)C=C3)C(C)=C2)NC1=N\C4=CC(O)=CC=C4,OSM-S-112
1.629,1,A,c1ncc2n(c1Oc1cc3c(cc1)ccc(n3)C(F)(F)F)c(nn2)c1ccc(cc1)OC(F)F,MMV672620
1.636,0,A,FC(F)OC(C=C1)=CC=C1C2=NN=C3C=NC=C(OCC4=CC=C(Cl)C=C4)N32,OSM-S-348
1.668,1,A,c1ncc2nnc(n2c1OCc1cccc2c1cccc2)c1ccc(cc1)OC(F)F,MMV672688
1.67,1,A,c1ncc2n(c1Oc1cc3nc(ccc3cc1)OC)c(nn2)c1ccc(cc1)OC(F)F,MMV672989
1.705,0,M,CCOc1ccc(cc1)n2cc(c3ccccc3)c4c(SCc5cc(C)ccc5C)ncnc24,MMV085471
1.72,0,M,O=C(NCC1Cc2cccc(c2O1)c3ccncc3)c4csc5CCCCc45,MMV665954
1.73,1,M,n1(c2c(cccc2)n3)c3c4c(cccc4)NC1(C)c5ccccc5,MMV396715
1.75,0,M,CC(CCC(=C)C)N1CCC(CC1)N2CCC(CC2)C(=O)NCCc3ccccc3,MMV666110
1.79,0,M,COc1cc(CNCCc2ccc(Cl)cc2)cc(OC)c1O,MMV128432
1.79,0,M,C12=C(N=CN(CCCn(ccn3)c3)C1=N)Oc4c(ccc(cccc5)c45)C2c6ccc(OC)c(OC)c6,MMV667490
1.79,1,M,CC(C)c1ccc(Cn2c(CCNC(=O)C)nc3ccccc23)cc1,MMV007617
1.8,1,A,O=C(/C(S/1)=C/C2=C(C)N(C3=CC=CC=C3)C(C)=C2)NC1=N\C4=CC=C(O)C=C4,OSM-S-115
1.822,1,A,c1ncc2n(c1Oc1ccc/3c(c1)OC(/C=C3/C)(C)C)c(nn2)c1ccc(cc1)OC(F)F,MMV672622
1.86,0,M,CCN1CCN(CC1)c2cc(C)c3cc(NC(=O)c4ccc(OC)c(OC)c4)ccc3n2,MMV019074
1.928,1,A,c1ncc2n(c1Oc1ccc3c(c1)onc3C)c(nn2)c1ccc(cc1)OC(F)F,MMV672621
1.945,0,M,Clc1ccc(Cl)c(c1)c2oc(cc2)C(=O)Nc3ccc(CN4CCOCC4)cc3,MMV020651
1.983,1,A,c1cc(cc2c1n(cc2)C)Oc1cncc2n1c(nn2)c1ccc(cc1)OC(F)F,MMV672618
1.995,1,C,FC(F)OC(C=C1)=CC=C1C2=NN=C3C=NC=C(OCCCC45C6C7C4C8C5C6C87)N32,OSM-S-370
2,0,M,COc1ccc2nc(C)cc(Nc3ccc(Cl)cc3)c2c1,MMV007875
2,0,M,c1ncc2n(c1N1CCC(C1)c1ccccc1)c(nn2)c1ccc(cc1)OC(F)F,MMV668957
2,0,A,FC(F)Oc1ccc(cc1)c3nnc4cncc(OCC(N)c2ccccc2)n34,OSM-S-283
2.025,1,A,c1ncc2n(c1Oc1ccc3c(c1)cnc(n3)C(F)(F)F)c(nn2)c1ccc(cc1)OC(F)F,MMV672730
2.05,1,A,c1ncc2nnc(n2c1OCCc1ccc(c(c1)F)F)N1CCc2c1ccc(c2)F,MMV670249
2.06,0,M,Fc1ccc(NC(=O)Nc2ccc(Cl)c(Cl)c2)cc1Cl,MMV665953
2.239,1,C,FC(F)OC(C=C1)=CC=C1C2=NN=C3C=NC=C(OCC4=CC=CC=C4)N32,OSM-S-368
2.3,1,A,O=C(/C(S/1)=C/C2=C(C)N(C3=CC=C([N+]([O-])=O)C=C3)C(C)=C2)NC1=N\C4=CC(O)=CC=C4,OSM-S-110
2.3,1,A,CC1=CC(/C=C(S/2)/C(NC2=N\C3=CC=CC=C3)=O)=C(C)N1C4=CC=C(N)C=C4,OSM-S-138
2.4535,1,A,O=C(/C(S/1)=C/C2=C(C)N(C(C)=C2)C3=CC=C(I)C=C3)NC1=N\C4=CC=CC=C4,OSM-A-4
2.5,0,A,ClC1=CC=CC(C2=NN=C3N2C(OCCC4=CC=CC=C4)=CN=C3)=C1,OSM-S-292
2.581,1,A,c1ncc2n(c1Oc1cc3c(cc1)CCCC3)c(nn2)c1ccc(cc1)OC(F)F,MMV671649
2.63,0,M,c1ncc2n(c1OCCc1cc(c(cc1)F)F)c(nn2)N1CCCCC1,MMV669009
2.96,1,A,c1ncc2n(c1Oc1ccc(cc1)Cl)c(nn2)c1ccc(cc1)OC(F)F,MMV669784
3.066,1,A,c1ncc2n(c1Oc1cccc(c1)Cl)c(nn2)c1ccc(cc1)OC(F)F,MMV670935
3.17,0,M,c1ncc2n(c1C(=O)NCCc1ccccc1)c(nn2)c1ccc(cc1)OC(F)F,MMV669027
3.446,1,A,c1(ncc2n(c1)c(nn2)c1ccc(cc1)OC(F)F)Oc1ccc(c(c1)F)F,MMV671926
3.5,0,A,FC(C(F)=C1)=CC=C1CCOC2=CC=CC3=NN=C(C4=CC=C(C#N)C=C4)N32,UNK10
3.56,1,A,c1ncc2n(c1C(N1C(CCC1)c1ccccc1)=O)c(nn2)c1ccc(cc1)OC(F)F,OSM-S-183
3.7145,1,A,O=C(/C(S/1)=C/C2=C(C)N(C(C)=C2)C3=CC=C(S(=O)(N)=O)C=C3)NC1=N\C4=CC=CC=C4,OSM-A-1
3.74,1,A,c1ncc2nnc(n2c1C(Nc1ccc(cc1)F)=O)c1ccc(cc1)OC(F)F,MMV669849
4,0,M,CN(C)CCNc1cc(nc2ccccc12)c3ccccc3,MMV006704
4,0,M,CCCCc1c(C)nc2c(OC)cccc2c1O,MMV006820
4,0,M,CCOc1ccc2nc(C)cc(Nc3ccc(cc3)N(C)C)c2c1,MMV007020
4,0,M,Cc1ccc2c(C)nc(Nc3nc(C)cc(n3)c4ccccc4)nc2c1,MMV007041
4,0,M,CCOc1ccc(Nc2ccnc3cc(Cl)ccc23)cc1,MMV007285
4,0,M,CCc1ccc(Nc2cc(C)nc3nc(C)nn23)cc1,MMV007374
4,0,M,CN1CCN(CC1)c2c3CCCc3c(C#N)c4nc5ccccc5n24,MMV008127
4,0,M,Cc1ccc(Nc2nc(N)c3ccccc3n2)cc1Cl,MMV011522
4,0,M,COc1cccc(Nc2nc(N)c3ccccc3n2)c1,MMV019199
4,0,M,COc1cc(SC)ccc1C(=O)N2CCCC(C)C2,MMV056726
4.01,0,M,c1[n+](cc2n(c1OCCc1cc(c(cc1)F)F)c(nn2)c1ccc(cc1)OC(F)F)[O-],MMV668822
4.1,1,A,CC(N1C2=CC(F)=CC=C2)=CC(/C=C(C(N/3C4=CC=CC=C4)=O)\SC3=N/C5=CC=CC=C5)=C1C,OSM-L-1
4.13,0,M,C=1\NC(c2n(/C1/OCCc1cc(c(cc1)F)F)c(nn2)c1ccc(cc1)OC(F)F)=O,MMV669025
4.2154,0.5,B,OC(C1=CC=CC=C1)COC2=CN=CC3=NN=C(C4=CN=C(C(F)(F)F)C=C4)N32,OSM-S-278
4.5956,0,B,O=C(NC1=C(C)C(Cl)=CC=C1)C2=CN=CC(N23)=NN=C3C4=CC=C(OC(F)F)C=C4,OSM-S-201
4.8,0,A,FC(C=C1)=CC=C1N2C(C)=CC(CNC3CCN(CC4=CC=CC=C4)CC3)=C2C,OSM-S-95
4.801,1,C,FC(F)OC(C=C1)=CC=C1C2=NN=C3C=NC=C(OC(C)C4=CC=C(C#N)C=C4)N32,OSM-S-386
4.96,0,M,N1(CC(C1)Oc1cc(c(cc1)F)F)c1cncc2n1c(nn2)c1ccc(cc1)OC(F)F,MMV669008
5,0,A,ClC(C=CC=C1)=C1C2=NN=C3N2C(OCCC4=CC=CC=C4)=CN=C3,OSM-S-291
5,0,A,FC1=CC(C2=NN=C3N2C(OCCC4=CC=CC=C4)=CN=C3)=CC(F)=C1,OSM-S-295
5,0,A,FC(OC(C=C1)=CC=C1C2=NN=C3N2C(OCC4=NC=CC=C4)=CN=C3)F,OSM-S-301
5,1,A,OC(COc2cncc3nnc(C1CCCCC1)n23)c4ccccc4,OSM-S-275
5,1,A,OC(COc2cncc3nnc(c1ccccc1)n23)c4ccccc4,OSM-S-277
5.2,0,A,ClC(C=CC=C1)=C1CCOC2=CC=CC3=NN=C(C4=CC=C(C#N)C=C4)N32,UNK6
5.576,1,A,c1ncc2n(c1C(=O)Nc1ccc(cc1Cl)F)c(nn2)c1ccc(cc1)OC(F)F,MMV671654
5.66,1,A,O=C(NC1=C(F)C(Cl)=CC=C1)C2=CN=CC(N23)=NN=C3C4=CC=C(OC)C=C4,OSM-S-256
6.038,1,A,c1ncc2n(c1Oc1cccc(c1)Oc1ccccn1)c(nn2)c1ccc(cc1)OC(F)F,MMV672725
6.203,1,A,c1ncc2n(c1Oc1ccc3c(c1)nn(c3)C)c(nn2)c1ccc(cc1)OC(F)F,MMV672686
6.721,1,A,c1ncc2n(c1n1ncc(c1)c1cc(c(cc1)F)F)c(nn2)c1ccc(cc1)OC(F)F,MMV671653
6.779,1,A,c1(ccc2n(n1)c(nn2)c1ccc(cc1)OC(F)F)OCCc1cc(c(cc1)F)F,MMV672939
6.8,0,A,N#CC(C=C1)=CC=C1C2=NN=C3C=CC=C(OCCC4=CC=CC=C4)N32,UNK11
6.86,0,M,c1nc(c2n(c1OCCc1cc(c(cc1)F)F)c(nn2)c1ccc(cc1)OC(F)F)N(CC)CC,MMV669102
6.92,1,A,c1nc(c2n(c1OCCc1cc(c(cc1)F)F)c(nn2)c1ccc(cc1)OC(F)F)C,MMV669541
8.37,0,M,C1NCc2n(C1CCO)c(nn2)c1ccc(cc1)OC(F)F,MMV668955
8.586,1,C,FC(F)OC(C=C1)=CC=C1C2=NN=C3C=NC=C(OC(C)C4=CC=C(F)C(F)=C4)N32,OSM-S-385
8.76,1,A,c1(ccccc1)CCCC1CNCc2n1c(nn2)c1ccc(cc1)OC(F)F,MMV669310
9.4,0,A,CC1=CC(=C(C)[N]1C2=CC=C(C=C2)F)C(=O)OCC(=NC)O,OSM-S-82
9.635,1,A,c1ncc2n(c1Nc1ccc(c(c1)Cl)Cl)c(nn2)c1ccc(cc1)OC(F)F,MMV670934
10,0,M,c1ncc2n(c1CCO)c(nn2)c1ccc(cc1)OC(F)F,MMV668824
10,0,M,c1ncc2n(c1OCCc1cc(c(cc1)F)F)c(nn2)C1CCOCC1,MMV668959
10,0,M,C1NCc2n(C1)c(nn2)c1ccc(cc1)OC(F)F,MMV668960
10,0,M,c1ncc2n(c1OCCc1cc(c(cc1)F)F)c(nn2)C1CCN(CC1)C(C)=O,MMV668961
10,0,M,C1N(Cc2n(C1)c(nn2)c1ccc(cc1)OC(F)F)C(CN)=O,MMV668962
10,0,M,c1ncc2n(c1C(Nc1ncccc1)=O)c(nn2)c1ccc(cc1)OC(F)F,MMV669026
10,0,M,N(c1cncc2n1c(nn2)c1ccc(cc1)OC(F)F)S(Cc1ccc(cc1)C(F)(F)F)(=O)=O,MMV669103
10,0,A,FC(F)Oc1ccc(cc1)c2nnc3cncc(OC)n23,OSM-S-280
10,0,A,FC(F)OC(C=C1)=CC=C1C2=NN=C3C=NC=C(OC[C@H](NC)C4=CC=CC=C4)N32,OSM-S-281
10,0,A,FC1=CC(C2=NN=C3N2C(OCC4=NC=CC=C4)=CN=C3)=CC(F)=C1,OSM-S-298
10,0,A,C12=NN=C(C3=CC(OCO4)=C4C=C3)N1C(OCC5=NC=CC=C5)=CN=C2,OSM-S-299
10,0,A,C12=NN=C(C3=CC(C=CC=C4)=C4C=C3)N1C(OCC5=NC=CC=C5)=CN=C2,OSM-S-300
10,1,A,c1(CCN2CCOCC2)cncc2n1c(nn2)c1ccc(cc1)OC(F)F,MMV669305
10,1,A,c1nc(c2n(c1OCCc1cc(c(cc1)F)F)c(nn2)c1ccc(cc1)OC(F)F)N,MMV669311
10,1,A,c1ncc2n(c1CCN1Cc3c(C1)cccc3)c(nn2)c1ccc(cc1)OC(F)F,MMV669312
10,1,A,N1(CC(C1)c1ccccc1)c1cncc2n1c(nn2)c1ccc(cc1)OC(F)F,MMV669353
10,1,A,c1(C(NCc2cncc3n2c(nn3)c2ccc(cc2)OC(F)F)=O)cc(ccc1)Cl,MMV669544
10,1,A,c1ncc2n(c1OCC(F)(F)F)c(nn2)c1ccc(cc1)OC(F)F,MMV670762
10,1,A,[C@H](COc1cncc2n1c(nn2)c1ccc(cc1)OC(F)F)(c1cc(c(cc1)F)F)NC,MMV670763
10,1,A,c1ncc2n(c1C(=O)N1CCc3c1ccc(c3)F)c(nn2)c1ccc(cc1)OC(F)F,MMV670768
10,1,A,c1(ncc2n(c1)c(nn2)c1ccc(cc1)OC(F)F)NCc1cc(c(cc1)F)F,MMV670949
10,1,A,c1(ncc2n(c1)c(nn2)c1ccc(cc1)OC(F)F)Nc1ccc(c(c1)F)F,MMV671655
10,1,A,c1ncc2n(c1n1ccnc1Cc1cc(c(cc1)F)F)c(nn2)c1ccc(cc1)OC(F)F,MMV671678
10,1,A,c1ncc2n(c1OCC(F)(F)F)c(nn2)c1c(n(nc1C)c1ccc(cc1)F)C,MMV671679
10,1,A,c1(ncc2n(c1)c(nn2)c1ccc(cc1)OC(F)F)NCCc1ccc(cc1)F,MMV671927
10,1,A,c1ncc2n(c1Oc1ccc(c(c1)Cl)Cl)c(nn2)c1c(n(nc1C)c1ccc(cc1)F)C,MMV671929
10,1,A,[C@H]1(C(N([C@@H]1c1cc(c(cc1)F)F)C1CC1)=O)Oc1ncc2n(c1)c(nn2)c1ccc(cc1)OC(F)F,MMV672619
10,1,A,c1ncc2n(c1Oc1ccc3c(c1)n(nc3)C)c(nn2)c1ccc(cc1)OC(F)F,MMV672623
10,1,A,c1ncc2n(c1C(=O)Nc1ccnc(c1)C(F)(F)F)c(nn2)c1c(nn(c1C)c1ccc(cc1)F)C,MMV672625
10,1,A,C1(CC1)(C(Oc1cncc2n1c(nn2)c1ccc(cc1)OC(F)F)C(F)(F)F)c1ccc(c(c1)F)F,MMV672626
10,1,A,c1(ncc2n(c1)c(nn2)c1ccc(cc1)OC(F)F)NC(Cc1cccc(c1)Cl)=O,MMV672990
10,1,A,c1(ccc2n(n1)c(nn2)c1ccc(cc1)C#N)NCCc1cnccc1,MMV672992
10,1,A,O=C(N1CC(C=CC=C2)=C2C1)C3=CN=CC4=NN=C(C5=CC=C(OC(F)F)C=C5)N43,OSM-S-177
10,1,A,c1ncc2n(c1C(NCC1CCOCC1)=O)c(nn2)c1ccc(cc1)OC(F)F,OSM-S-179
10,1,A,c1ncc2n(c1C(N1CCN(CC1)c1ncccc1)=O)c(nn2)c1ccc(cc1)OC(F)F,OSM-S-180
10,1,A,c1ncc2n(c1C(NCCN1CCOCC1)=O)c(nn2)c1ccc(cc1)OC(F)F,OSM-S-181
10,1,A,c1ncc2n(c1C(N1CCCC1)=O)c(nn2)c1ccc(cc1)OC(F)F,OSM-S-182
10,1,A,c1ncc2n(c1C(N1CCN(CC1)S(=O)(C)=O)=O)c(nn2)c1ccc(cc1)OC(F)F,OSM-S-184
10,1,A,c1ncc2n(c1C(N1CCOCC1)=O)c(nn2)c1ccc(cc1)OC(F)F,OSM-S-185
10,1,A,O=C(NC1=C(C)C(Cl)=CC=C1)C2=CN=CC(N23)=NN=C3C4=CC=C(OC)C=C4,OSM-S-255
10,1,A,ClC1=CC=CC=C1CCOC2=CN=CC3=NN=C(C4=CC=NC=C4)N32,OSM-S-258
10,1,A,O=C(NC1=CC(Cl)=CC=C1)C2=CN=CC(N23)=NN=C3C4=NC=CC=C4,OSM-S-262
10,1,A,O=C(NC1=CC(Cl)=CC=C1)C2=CN=CC(N23)=NN=C3C4=CN=CC=C4,OSM-S-263
10,1,A,OC(COc1cncc2nnc(CC)n12)c3ccccc3,OSM-S-276
10,1,B,FC1=C(F)C=CC(C(N(C)C)COC2=CN=CC3=NN=C(C4=CC=C(C#N)C=C4)N32)=C1,OSM-S-378
10,1,C,FC(F)OC(C=C1)=CC=C1C2=NN=C3C=NC=C(SCCC4=CC=CC=C4)N32,OSM-S-363
10,1,C,FC(F)OC(C=C1)=CC=C1C2=NN=C3C=NC=C(S(CCC4=CC=CC=C4)=O)N32,OSM-S-364
10,1,C,FC(F)OC(C=C1)=CC=C1C2=NN=C3C=NC=C(OCC4=CN(CC5=CC=CC=C5)N=N4)N32,OSM-S-372
10,1,C,FC(F)OC(C=C1)=CC=C1C2=NN=C3C=NC=C(OCC(N=N4)=CN4C5=CC=CC=C5)N32,OSM-S-373
10,1,C,FC(F)OC(C=C1)=CC=C1C2=NN=C3C=NC=C(OCC4=CN(C5=NC(Cl)=CN=C5)N=N4)N32,OSM-S-374
10,1,C,IC12C(C3C1C4C52)C5C34C6=NN=C7C=NC=C(OCCC8=CC(F)=C(F)C=C8)N76,OSM-S-375
10,1,C,IC12C3C4C5(C3C1C5C24)C6=NN=C7C=NC=C(C(NC8=CC(C(F)(F)F)=NC=C8)=O)N76,OSM-S-382
10,1,C,FC(C=C1)=C(F)C=C1CCOC2=CN=CC3=NN=CN32,OSM-S-387
10,1,C,OC1=CN=CC2=NN=C(N3CCCCC3)N21,OSM-S-388
11,1,A,CC(N1C2=CC=C(F)C=C2)=C(C(OC(C)C(N)=O)=O)C=C1C,OSM-S-116
11.3,0,A,CC1=CC(=C(C)[N]1C2=CC=C(C=C2)F)C(=O)OCC(N(C)C)=O,OSM-S-91
14.7,0,A,CC1=CC(=C(C)[N]1C2=CC=C(C=C2)Cl)CNC3CCN(CC3)CC(=NC)O,OSM-S-88
24.7,0,A,CCN=C([C@@H]1C[C@H](CN1CC2=C(C)[N](C(=C2)C)C3=CC=CC=C3Cl)N)O,OSM-S-89
50,0,A,CC(N1C2=CC=C(F)C=C2)=C(C(O)=O)C=C1C,OSM-S-4
50,0,A,CC(N1C2=CC=CC=C2)=CC(C=O)=C1C,OSM-S-28
50,0,A,CC1=CC=C(N2C(C)=C(C=O)C=C2C)C=C1,OSM-S-29
50,0,A,O=C(C1=C(C)N(C2=CC=C(F)C=C2)C(C)=C1)OCC,OSM-S-3
50,0,A,CCOC(C1=C(C)N(C2=CC=C(C=C2)C)C(C)=C1)=O,OSM-S-30
50,0,A,O=C(C1=C(C)N(C2=CC=CC=C2)C(C)=C1)OCC,OSM-S-31
50,0,A,O=C(C1=C(C)N(C2=CC=C(C(F)(F)F)C=C2)C(C)=C1)OCC,OSM-S-32
50,0,A,CC(N1C2=CC=C(C(F)(F)F)C=C2)=C(/C=C(C(N/3CC#N)=O)\SC3=N/C4=CC=CC=C4)C=C1C,OSM-S-42
50,0,A,CC(N1C2=CC=C(C(F)(F)F)C=C2)=C(/C=C3SC(N(CC#N)C4=CC=CC=C4)=NC\3=O)C=C1C,OSM-S-43
50,0,A,O=C(N/C1=N/C2=CC=CC=C2)/C(S1)=C/C3=CC=CC=C3,OSM-S-55
50,0,A,O=C(OCC(N)=O)C1=C(C)N(N=C1)C2=CC=CC=C2,OSM-S-57
50,0,A,FC(C=C1)=CC=C1N2C(C)=C(CNCC(N)=O)C=C2C,OSM-S-58
50,0,A,FC(C=C1)=CC=C1N2C(C)=C(C(N(C)CC(N)=O)=O)C=C2C,OSM-S-59
50,0,A,FC(C=C1)=CC=C1N2C(C)=C(CN(C)CC(N)=O)C=C2C,OSM-S-60
50,0,A,FC(C=C1)=CC=C1N2C(C)=C(C(NC(CO)C(OC)=O)=O)C=C2C,OSM-S-61
50,0,A,FC(C=C1)=CC=C1N2C(C)=C(C3=NC(C(OC)=O)=CO3)C=C2C,OSM-S-62
50,0,A,FC(C=C1)=CC=C1N2C(C)=C(C(OC(C)(C)C(N)=O)=O)C=C2C,OSM-S-68
50,0,A,FC1=CC=C(N2C(C)=CC(C(N(C(NC3CCCCC3)=O)C4CCCCC4)=O)=C2C)C=C1,OSM-S-7
50,0,A,FC1=CC=C(N2C(C)=CC(C(NC3=C(C)N(C)N(C4=CC=CC=C4)C3=O)=O)=C2C)C=C1,OSM-S-8
50,0,A,CC1=CC(=C(C)[N]1C2=CC=CC=C2)C(=NCC(N(C)C)=O)O,OSM-S-81
50,0,A,CC1=CC(=C(C)[N]1C2=CC=CC=C2)C(N3CCN=C(C3)O)=O,OSM-S-83
50,0,A,CC1=CC(=C(C)[N]1C2=CC=C(C=C2)Br)C(N(C)CC(=NC)O)=O,OSM-S-84
50,0,A,CC1=CC(=C(C)[N]1C2=CC=CC=C2)C3=NN=C(O3)SCC(=NC4=CC(=CC=C4)OC)O,OSM-S-85
50,0,A,CCN(CC(=NC1=C(C=CC=C1F)F)O)C(C2=C(C)[N](C(=C2)C)C3=CC=C(C=C3)F)=O,OSM-S-86
50,0,A,CC1=CC(=CC=C1)[N]2C(=CC(=C2C)C(N(C)CC(N=C3C=C(C)ON3)=O)=O)C,OSM-S-87
50,0,A,CCC1=CC=C(C=C1)[N]2C(=CC(=C2C)CN3CCC(CC3)C(=O)O)C,OSM-S-90
50,0,A,FC(C=C1)=CC=C1N2C=C(C(OCC(N)=O)=O)C=N2,OSM-S-92
50,0,A,FC(C=C1)=CC=C1N2C(C)=C(C(N(C)C)=O)C=C2C,OSM-S-93
50,0,A,FC(C=C1)=CC=C1N2C(C)=C(CN3CCCC3)C=C2C,OSM-S-94
50,0,A,FC1=CC=C(N2N=CC(C3=NC(C(OC)=O)=CO3)=C2C)C=C1,OSM-S-96
50,0,A,FC1=CC=C(N2C(C)=CC(C(CCC(O)=O)=O)=C2C)C=C1,OSM-S-97
50,0,A,FC1=CC=C(N2C(C)=CC(C(CCC(N(C)C)=O)=O)=C2C)C=C1,OSM-S-98
50,0,A,FC1=CC=C(N2C(C)=CC(C(OC(C)C(OCC)=O)=O)=C2C)C=C1,OSM-S-99
50,0,A,ClC1=CC=CC(C(NC2=CC(C(F)(F)F)=NC=C2)=O)=N1,UNK7
50,0,A,ClC1=CC=CC(N/N=C/C2=CC=C(C#N)C=C2)=N1,UNK8
50,0,A,ClC1=CC=CC2=NN=C(C3=CC=C(C#N)C=C3)N21,UNK9
50,0,A,O=C(NC1=CC=NC(C(F)(F)F)=C1)C2=CC=CC(N/N=C/C3=CC=C(C#N)C=C3)=N2,UNK12
50,0,A,O=C(NC1=CC=NC(C(F)(F)F)=C1)C2=CC=CC3=NN=C(C4=CC=C(C#N)C=C4)N32,UNK13
50,1,A,FC1=CC=C(N2C(C)=CC(S(N(C)CC(N)=O)(=O)=O)=C2C)C=C1,OSM-E-1
50,1,A,FC1=CC=C(N2C(C)=CC(S(NCC(N)=O)(=O)=O)=C2C)C=C1,OSM-E-2
50,1,A,FC1=CC=C(N2C(C)=C(S(N(CC(N)=O)C)(=O)=O)C(S(N(C)CC(N)=O)(=O)=O)=C2C)C=C1,OSM-E-3
50,1,A,FC1=CC=C(N2N=NC(COC(CBr)=O)=C2)C=C1,OSM-E-4
50,1,A,FC1=CC=C(N2N=NC(COCC(OCC)=O)=C2)C=C1,OSM-E-5
50,1,A,FC1=CC=C(N2N=NC(COCC(OC)=O)=C2)C=C1,OSM-E-6
50,1,A,FC1=CC=C(N2N=NC(COCC(OCC3=CN(C4=CC=C(F)C=C4)N=N3)=O)=C2)C=C1,OSM-E-7
50,1,A,FC1=CC=C(N2N=NC(COCC(N)=O)=C2)C=C1,OSM-E-8
50,1,A,FC1=CC=C(N2C(C)=CC(C(OC(C)C(O)=O)=O)=C2C)C=C1,OSM-S-100
50,1,A,FC1=CC=C(N2C(C)=CC(C3=NC(C(O)=O)=CO3)=C2C)C=C1,OSM-S-101
50,1,A,FC1=CC=C(N2C(C)=CC(C(CCC(NC)=O)=O)=C2C)C=C1,OSM-S-102
50,1,A,CC(N1C2=CC=C(F)C=C2)=C(C(CCC(N)=O)=O)C=C1C,OSM-S-103
50,1,A,FC1=CC=C(N2N=CC(C3=NC(C(O)=O)=CO3)=C2C)C=C1,OSM-S-104
50,1,A,FC1=CC=C(N2N=CC(C3=NC(C(N)=O)=CO3)=C2C)C=C1,OSM-S-105
50,1,A,O=C(/C(S/1)=C/C2=C(C)N(C3=CC=CC=N3)C(C)=C2)NC1=N\C4=CC=C(O)C=C4,OSM-S-113
50,1,A,CC(N1C2=CC=CC=C2)=CC(C(O)=O)=C1C,OSM-S-12
50,1,A,CC1=CC=C(N2C(C)=C(C(O)=O)C=C2C)C=C1,OSM-S-13
50,1,A,CC(N1C2=CC=C(C(F)(F)F)C=C2)=CC(C(O)=O)=C1C,OSM-S-14
50,1,A,O=C(NC1=C(C)N(C)N(C2=CC=CC=C2)C1=O)CNC(C3=CC=CC=C3)=O,OSM-S-16
50,1,A,CC(N1C2=CC=C(F)C=C2)=CC(C(NCC(N)=O)=O)=C1C,OSM-S-19
50,1,A,CC1=CC(C=O)=C(C)N1C1=CC=C(F)C=C1,OSM-S-2
50,1,A,FC1=CC=C(N2C(C)=CC(C(NCC(NC3=C(C)N(C)N(C4=CC=CC=C4)C3=O)=O)=O)=C2C)C=C1,OSM-S-21